{
  "lang":"en",
  "name":"pipeline",
  "version":"0.0.0",
  "spacy_version":">=3.4.3,<3.5.0",
  "description":"",
  "author":"",
  "email":"",
  "url":"",
  "license":"",
  "spacy_git_version":"Unknown",
  "vectors":{
    "width":0,
    "vectors":0,
    "keys":0,
    "name":null,
    "mode":"default"
  },
  "labels":{
    "tok2vec":[

    ],
    "ner":[
      "BG",
      "BUTTON",
      "CHECK_BUTTON",
      "FG",
      "FONT",
      "FONT_SIZE",
      "RADIO_BUTTON",
      "SCALE",
      "SCROLL",
      "TEXT_BOX"
    ]
  },
  "pipeline":[
    "tok2vec",
    "ner"
  ],
  "components":[
    "tok2vec",
    "ner"
  ],
  "disabled":[

  ],
  "performance":{
    "ents_f":0.9961685824,
    "ents_p":1.0,
    "ents_r":0.9923664122,
    "ents_per_type":{
      "BG":{
        "p":1.0,
        "r":1.0,
        "f":1.0
      },
      "TEXT_BOX":{
        "p":1.0,
        "r":1.0,
        "f":1.0
      },
      "FONT":{
        "p":1.0,
        "r":0.9523809524,
        "f":0.9756097561
      },
      "FONT_SIZE":{
        "p":1.0,
        "r":1.0,
        "f":1.0
      },
      "FG":{
        "p":1.0,
        "r":1.0,
        "f":1.0
      },
      "CHECK_BUTTON":{
        "p":1.0,
        "r":1.0,
        "f":1.0
      },
      "BUTTON":{
        "p":1.0,
        "r":1.0,
        "f":1.0
      },
      "SCROLL":{
        "p":1.0,
        "r":1.0,
        "f":1.0
      },
      "SCALE":{
        "p":1.0,
        "r":1.0,
        "f":1.0
      },
      "RADIO_BUTTON":{
        "p":1.0,
        "r":1.0,
        "f":1.0
      }
    },
    "tok2vec_loss":145.4720897639,
    "ner_loss":184.1556866597
  }
}